id,city_id,language_key,name
281327420,3653603,tg,Кунгтад
281327574,3653605,tg,Сингко
281327728,3653607,tg,Тубиг Кутах
281327882,3653609,tg,Тубиг Пансол
281329345,3653628,tg,Каыапух
281330346,3653641,tg,Пангаднан
281331578,3653657,tg,Апид
281332117,3653664,tg,Катаан
281332502,3653669,tg,Табукан
281332810,3653673,tg,Парисан
281333272,3653679,tg,Лунгас
281334119,3653690,tg,Пандуго
281334350,3653693,tg,Саганг-Саганг
281335967,3653714,tg,Дансулао
281336121,3653716,tg,Ла Дицха
281336429,3653720,tg,Маганаы
281336506,3653721,tg,Дел Монте
281336583,3653722,tg,Муыо
281336814,3653725,tg,Сан-Хосе
281336891,3653726,tg,Пулог
281336968,3653727,tg,Лантаван
281337276,3653731,tg,Калиан
281337430,3653733,tg,Саламбуыан
281338508,3653747,tg,Лумбог
281340048,3653767,tg,Тигуха
281340356,3653771,tg,Дансол
281340510,3653773,tg,Лимасава
281340895,3653778,tg,Бакайяван
281342050,3653793,tg,Бинуаы
281342589,3653800,tg,Сан Исидро
281342666,3653801,tg,Магахис
281342974,3653805,tg,Сунгаыон
281343051,3653806,tg,Линтум
281344052,3653819,tg,Сагацад
281344283,3653822,tg,Еаст Мигпулао
281345130,3653833,tg,Кинакап
281345438,3653837,tg,Уппер Сибул
281345515,3653838,tg,Бинуатан
281345592,3653839,tg,Гуиницулалаы
281346054,3653845,tg,Вилла Каппа
281346516,3653851,tg,Сагасан
281346747,3653854,tg,Цогонан
281346824,3653855,tg,Лурдес
281347055,3653858,tg,Данлуган
281347825,3653868,tg,Булаток
281347979,3653870,tg,Каусваган
281348210,3653873,tg,Дао
281348364,3653875,tg,Бобонган
281348441,3653876,tg,Монтела
281348903,3653882,tg,Милитар
281349827,3653894,tg,Лапининг
281349981,3653896,tg,Маргос
281350058,3653897,tg,Алегриа
281350289,3653900,tg,Тагитикӣ
281350366,3653901,tg,Маргот
281350520,3653903,tg,Буцана
281350597,3653904,tg,Сумалиг
281350828,3653907,tg,Лапаран
281350982,3653909,tg,Монте-Алегри
281351136,3653911,tg,Губаан
281351367,3653914,tg,Либертад
281351598,3653917,tg,Тинибтибан
281351829,3653920,tg,Ланипао
281351906,3653921,tg,Марандинг
281352522,3653929,tg,Ребе
281352753,3653932,tg,Багонг
281354139,3653950,tg,Цамалиг
281354293,3653952,tg,Тигбао
281354601,3653956,tg,Магтинг
281355063,3653962,tg,Полиаган
281355140,3653963,tg,Буэнависта
281355448,3653967,tg,Цолойо
281355910,3653973,tg,Панубиган
281356680,3653983,tg,Малим
281357758,3653997,tg,Капалонг
281357912,3653999,tg,Андоп
281358143,3654002,tg,Консепсия
281358374,3654005,tg,Калигутан
281358605,3654008,tg,Дел Пилар
281358682,3654009,tg,Пангутусан
281358913,3654012,tg,Ла Филипина
281358990,3654013,tg,Тагнанан
281359529,3654020,tg,Ликуп
281359606,3654021,tg,Цамудмуд
281359683,3654022,tg,Мадуао
281359760,3654023,tg,Катипунан
281360068,3654027,tg,\N
281360145,3654028,tg,Калунасан
281361839,3654050,tg,Кабаба
281362224,3654055,tg,Манандо
281362532,3654059,tg,Сааведро
281362840,3654063,tg,Цамалиг
281362917,3654064,tg,Болаы
281364149,3654080,tg,Сан Ремигио
281365304,3654095,tg,Лумбог
281365381,3654096,tg,Панас
281365766,3654101,tg,Буг-онг
281365920,3654103,tg,Лооц
281365997,3654104,tg,Ал-Ғадир
281366151,3654106,tg,Бонбон
281366459,3654110,tg,Сан Мигел
281366536,3654111,tg,Сан-Рок
281367383,3654122,tg,Лимасава
281367691,3654126,tg,Цабаруан
281367922,3654129,tg,Балас
281367999,3654130,tg,Маглиман
281368384,3654135,tg,Мотрицо
281368538,3654137,tg,Луыус
281368846,3654141,tg,Сан Пасцуал
281368923,3654142,tg,Санто Нино
281369077,3654144,tg,Цапитан Рамон
281370309,3654160,tg,Носира
281370386,3654161,tg,Сампагита
281370848,3654167,tg,Дона Йосефа
281371156,3654171,tg,Ал Усайбил
281371233,3654172,tg,Дел Пилар
281371310,3654173,tg,Царидад Сур
281371387,3654174,tg,Сибацан
281371541,3654176,tg,Чавусага
281372003,3654182,tg,Малуанлуан
281372234,3654185,tg,Бако
281372311,3654186,tg,Цамастилисан
281372388,3654187,tg,Родригес
281372465,3654188,tg,Сан Андрес
281372619,3654190,tg,Булихан
281372850,3654193,tg,Ланггам
281373004,3654195,tg,Магсайсай
281373158,3654197,tg,Цалендола
281373312,3654199,tg,Нуева
281374236,3654211,tg,Дон Йосе
281374544,3654215,tg,Дел Ремедио
281375622,3654229,tg,Гулод
281376315,3654238,tg,Бадак
281376854,3654245,tg,Динаиг
281377008,3654247,tg,Нулинг
281377085,3654248,tg,Магоон
281377393,3654252,tg,Либаы
281377624,3654255,tg,Талбак
281378394,3654265,tg,Сауыо
281378471,3654266,tg,Багонг Пагаса
281378779,3654270,tg,\N
281378856,3654271,tg,Калигаыахан
281379472,3654279,tg,Лим-оо
281380781,3654296,tg,Сан-Хуан
281383553,3654332,tg,Цапуы
281384015,3654338,tg,Ибунг
281384246,3654341,tg,Лабинаб Гранде
281384708,3654347,tg,Лабут
281384785,3654348,tg,Бугтонг
281385555,3654358,tg,Амсауан
281386094,3654365,tg,Пациенциа
281386248,3654367,tg,Ирауарне
281387018,3654377,tg,Багачай
281388404,3654395,tg,Сан Антонио
281388943,3654402,tg,Баладинг
281389020,3654403,tg,Дицабаито
281389097,3654404,tg,Пицал
281389559,3654410,tg,Йинунгцаан
281390483,3654422,tg,Дамабалас
281390560,3654423,tg,Дубаб
281390791,3654426,tg,Балонг
281391484,3654435,tg,Лимбаыан
281392177,3654444,tg,Эсперанза
281393332,3654459,tg,Мабухаы
281393486,3654461,tg,Макир
281393871,3654466,tg,Батулавон
281393948,3654467,tg,Балунгис
281394564,3654475,tg,Нунгуан
281394641,3654476,tg,Котипунан
281394718,3654477,tg,Сулонгвале
281395257,3654484,tg,Рангабан
281395565,3654488,tg,Малабага
281395642,3654489,tg,Басиаван
281396258,3654497,tg,Лумбац
281396566,3654501,tg,Пагалунган
281396797,3654504,tg,Маландаг
281396951,3654506,tg,Китулаан
281397182,3654509,tg,Пагаламатан
281398722,3654529,tg,Гутауа
281399030,3654533,tg,Лионг
281399261,3654536,tg,Маго
281399415,3654538,tg,Барацатан
281399646,3654541,tg,Бури
281399877,3654544,tg,Малингао
281399954,3654545,tg,Цанамецубонг
281400416,3654551,tg,Дадо
281401186,3654561,tg,Царамиан
281403034,3654585,tg,Луксадату
281403342,3654589,tg,Молундо
281404574,3654605,tg,Баримбинган
281404651,3654606,tg,Маринаут
281404728,3654607,tg,Вавайлан Калокан
281405113,3654612,tg,Лимбо
281406191,3654626,tg,Шимура
281406345,3654628,tg,Олас
281406884,3654635,tg,Булкаон
281407500,3654643,tg,Синамоланг
281408039,3654650,tg,Робуста
281408655,3654658,tg,Буалан
281408732,3654659,tg,Саракан
281409348,3654667,tg,Ампуан
281409425,3654668,tg,Руминимбанг
281409810,3654673,tg,Матаыа
281410041,3654676,tg,Нуыо
281410888,3654687,tg,Тука
281410965,3654688,tg,Бусок
281411042,3654689,tg,Лопес Ҷаена
281411119,3654690,tg,Ламбонтонг
281411581,3654696,tg,Дагума
281411658,3654697,tg,Капаыа
281411735,3654698,tg,Сан-Хосе
281412582,3654709,tg,Барацаыо
281413121,3654716,tg,Балингаенг
281413352,3654719,tg,Манамбулан
281413429,3654720,tg,Балиок
281413583,3654722,tg,Симод
281413737,3654724,tg,Баго-Аплаыа
281413968,3654727,tg,Баго-Иниго
281414276,3654731,tg,Матина Цроссинг
281414969,3654740,tg,Буцаран
281415200,3654743,tg,Кабадянган
281416586,3654761,tg,Сан Фернандо
281416817,3654764,tg,Мацупа
281416971,3654766,tg,Пеагкаланан
281420051,3654806,tg,Дималоган
281420436,3654811,tg,Суарес
281420513,3654812,tg,Абуно
281420821,3654816,tg,Мария Кристина
281421129,3654820,tg,Самбулауан
281422361,3654836,tg,Сосаыан
281422823,3654842,tg,Лацаан
281423593,3654852,tg,Бесиган
281423670,3654853,tg,Малинао
281424286,3654861,tg,Ғалаба
281424363,3654862,tg,Мацасандиг
281424748,3654867,tg,Хинапланон
281424979,3654870,tg,Пуалас
281425595,3654878,tg,Сугбонгцогон
281425672,3654879,tg,Апас
281426673,3654892,tg,Тимаго
281426981,3654896,tg,Санкт Петр
281427289,3654900,tg,Цананга-Ан
281427520,3654903,tg,Цапинонан
281427982,3654909,tg,Калибаыан
281428059,3654910,tg,Маргаод
281428290,3654913,tg,Паиуиг
281428983,3654922,tg,Тубалан
281430292,3654939,tg,Либертад
281431524,3654955,tg,Дела Пас
281431755,3654958,tg,Бунга
281431986,3654961,tg,Адорабле
281432063,3654962,tg,Сан Висенте
281432756,3654971,tg,Ребуцон
281433218,3654977,tg,Салимпоно
281433449,3654980,tg,Санта Круз
281433834,3654985,tg,Толансинг
281436529,3655020,tg,Пандуцан
281436606,3655021,tg,Абонгабонг
281436837,3655024,tg,Малатинг
281437222,3655029,tg,Пунта
281437607,3655034,tg,Минаог
281438069,3655040,tg,Коган
281438300,3655043,tg,Либутон
281438608,3655047,tg,Танаыан
281438685,3655048,tg,Пангологон
281440610,3655073,tg,Сан-Хуан
281440995,3655078,tg,Хосе Ризал
281441226,3655081,tg,Пасонг Путик Пропер
281441303,3655082,tg,Пасонг Путик Пропер
281441380,3655083,tg,Капри
281441611,3655086,tg,Иттиҳод
281441688,3655087,tg,Фэрвюи Шимолӣ
281441765,3655088,tg,теппаҳои Батасан
281441842,3655089,tg,Багонг Силанган
281441996,3655091,tg,Маландаы
281442227,3655094,tg,Секунҷаи ҷанубӣ
281442304,3655095,tg,Уест Триангле
281442612,3655099,tg,Лоиҳаи 6
281442689,3655100,tg,Ветеранс Виллаге
281442843,3655102,tg,Аполонио Самсон
281442920,3655103,tg,Манреса
281442997,3655104,tg,Бунгад
281443151,3655106,tg,Наыонг Канлуран
281443459,3655110,tg,Марибло
281443613,3655112,tg,Сиена
281443690,3655113,tg,Лагинг-Ханда
281443767,3655114,tg,Сацред Хеарт
281443998,3655117,tg,Дона Йосефа
281444152,3655119,tg,Дон Мануел
281444229,3655120,tg,Гулод
281444306,3655121,tg,Беверли Ҳиллз
281444383,3655122,tg,Инараван
281444460,3655123,tg,Багонг Наыон
281444768,3655127,tg,Цалауис
281444922,3655129,tg,Дона Имелда
281445076,3655131,tg,Сан Перфекто
281445538,3655137,tg,Даанг Бакал
281445692,3655139,tg,Наъл
281445846,3655141,tg,Сан Мартин Де Поррес
281446000,3655143,tg,Консепсияи беайб
281446077,3655144,tg,Е. Родригуез
281446231,3655146,tg,Кристонг Хари
281446308,3655147,tg,Калусуган
281446462,3655149,tg,Палигсахан
281446539,3655150,tg,Таталон
281446693,3655152,tg,Дамаянг Лаги
281446770,3655153,tg,Мариана
281446847,3655154,tg,Еаст Камиас
281446924,3655155,tg,Еаст Камиас
281447309,3655160,tg,Кларо
281447386,3655161,tg,Амихан
281447540,3655163,tg,Марилаг
281447617,3655164,tg,Багумбухай
281447694,3655165,tg,Лоыола Хеигхтс
281448079,3655170,tg,Пиныахан
281448233,3655172,tg,Пхил-Ам
281448387,3655174,tg,Давраи нав
281448464,3655175,tg,Давраи нав
281448772,3655179,tg,Вилла Мариа Цлара
281448926,3655181,tg,Баыанихан
281449080,3655183,tg,Ухите Плаинс
281449234,3655185,tg,Багумбаян
281449311,3655186,tg,Неу Занига
281449619,3655190,tg,Тӯпҳои зебо
281449696,3655191,tg,Теппаҳои иловагӣ
281449773,3655192,tg,Сингкамас
281450081,3655196,tg,Хагданг Бато Либис
281450158,3655197,tg,Мабини Й. Ризал
281450235,3655198,tg,Поблассион
281450620,3655203,tg,Харапин Анг Букас
281450774,3655205,tg,Вергара
281450928,3655207,tg,Маламиг
281451082,3655209,tg,Маввей
281451159,3655210,tg,Ҳиллзҳои шоҳроҳ
281451236,3655211,tg,Барангка Драйв
281451313,3655212,tg,Барангка Ибаба
281451390,3655213,tg,Барангка Илая
281451467,3655214,tg,Буянг Бато
281451544,3655215,tg,Капитолё
281451621,3655216,tg,Еаст Рембо
281451698,3655217,tg,Шарқӣ Рембо
281451775,3655218,tg,Сембои Ҷанубӣ
281451852,3655219,tg,Цомембо
281452237,3655224,tg,Табацалера
281452468,3655227,tg,Деҳаи сигнал
281452545,3655228,tg,Махарлика Виллаге
281452776,3655231,tg,Бикутани Ғарбӣ
281452853,3655232,tg,Пембо
281453007,3655234,tg,Цембо
281454085,3655248,tg,У.П. Виллаге
281454162,3655249,tg,Пасиг
281454470,3655253,tg,Далит
281455779,3655270,tg,Ки-Агта
281455933,3655272,tg,Талисай
281456318,3655277,tg,Принцесс Урдуйа
281457473,3655292,tg,Ницанор Забала
281458474,3655305,tg,Эстрелла
281458551,3655306,tg,Лигаыа
281458628,3655307,tg,Багдасан
281458705,3655308,tg,Лорел
281458859,3655310,tg,Макаваян
281458936,3655311,tg,Сан Педро
281459013,3655312,tg,Корона
281459167,3655314,tg,Леганг
281459475,3655318,tg,Алманза Уно
281459706,3655321,tg,Соҳили дарё
281459783,3655322,tg,Поблассион
281460707,3655334,tg,Палсахингин
281461015,3655338,tg,Анолинг
281461323,3655342,tg,"Центро1, Санта. Роса 1, Бацо, Ориентал Миндоро"
281461939,3655350,tg,Далипит Цуенце
281462093,3655352,tg,Лооб Цалингатан
281462247,3655354,tg,Колиб
281462324,3655355,tg,Санто Томас
281462786,3655361,tg,Сан Рамон
281463479,3655370,tg,Ингуан-Батанган
281463633,3655372,tg,Игбицал
281463864,3655375,tg,Портилло
281464018,3655377,tg,Баллесцас
281464249,3655380,tg,Игцапуыас
281464403,3655382,tg,Ботбот
281464634,3655385,tg,Ломбаы
281464942,3655389,tg,Сан Педро Еаст
281465096,3655391,tg,Монтинола
281465173,3655392,tg,Магрампао
281465327,3655394,tg,Бонгсуан
281465789,3655400,tg,Поблацион ИИИ
281466020,3655403,tg,Поблацион И
281466174,3655405,tg,Поблацион В
281466251,3655406,tg,Поблацион В
281466713,3655412,tg,Б. Тирона
281467098,3655417,tg,Палипаран ИИИ
281467252,3655419,tg,Хенерал Мариано Алварез
281467329,3655420,tg,Цабангаан
281467483,3655422,tg,Пер Мон
281467868,3655427,tg,Ганадо
281468407,3655434,tg,Палсара
281468484,3655435,tg,Макина
281468792,3655439,tg,Багонг Поок
281468946,3655441,tg,Мариа Паз
281469023,3655442,tg,Мабинӣ
281469331,3655446,tg,Макбан
281469562,3655449,tg,Йанопол Ориентал
281469639,3655450,tg,Миранда
281469716,3655451,tg,Алтура Бата
281469793,3655452,tg,Алтура Матанда
281469947,3655454,tg,Макилинг
281470024,3655455,tg,Каы-Анлог
281470101,3655456,tg,Лорел
281470178,3655457,tg,Супланг
281470332,3655459,tg,Хукай
281470409,3655460,tg,Мапагонг
281470486,3655461,tg,Пачиано Ризал
281470563,3655462,tg,Батино
281470794,3655465,tg,Багонг Калсада
281470871,3655466,tg,Масили
281470948,3655467,tg,Ууисан
281472257,3655484,tg,Санта Клара
281473489,3655500,tg,Цабиа-ан
281473643,3655502,tg,Сура
281473720,3655503,tg,Молоболо
281474567,3655514,tg,Санта Каталина
281475106,3655521,tg,Туиб
281476954,3655545,tg,Пе Пе Лоноц
281477801,3655556,tg,Дурог
281478109,3655560,tg,Дицамбанган
281480881,3655596,tg,Налиматтан
281482652,3655619,tg,Ярда
281483653,3655632,tg,Царапунан
281483961,3655636,tg,Сан Рамон
281484115,3655638,tg,Эсперанза
281486810,3655673,tg,Линангпаца
281487503,3655682,tg,Пагсангаан
281487888,3655687,tg,Оло Пангабат
281489967,3655714,tg,Баыакбакин
281490275,3655718,tg,Булала Норте
281490352,3655719,tg,Мабуттал Уест
281490429,3655720,tg,Баран
281490660,3655723,tg,Минанга
281490737,3655724,tg,Мацанаыа
281490891,3655726,tg,Гадданг
281491276,3655731,tg,Калапаван
281491353,3655732,tg,Мабангуц
281491430,3655733,tg,Цалаоаоан
281492046,3655741,tg,Тубел
281492123,3655742,tg,Гагадданган
281492200,3655743,tg,Дагупан
281492277,3655744,tg,Мапурао
281492354,3655745,tg,Нагаттатан
281492431,3655746,tg,Цапагаран
281492508,3655747,tg,Лаббен
281492585,3655748,tg,Бесанг
281492662,3655749,tg,Иринган
281492816,3655751,tg,Сан Антонио
281493355,3655758,tg,Утан
281493432,3655759,tg,Цапалутан
281494279,3655770,tg,Л. Адвиенто
281496358,3655797,tg,Дунгег
281502210,3655873,tg,Марина
281503211,3655886,tg,Бангбангалон
281503673,3655892,tg,Цанат
281504982,3655909,tg,Сан Карлос
281506214,3655925,tg,Санта Мария
281507061,3655936,tg,Де Вера
281507292,3655939,tg,Рогус
281508216,3655951,tg,Манаоаг
281508293,3655952,tg,Линглингаы
281508370,3655953,tg,Цалаоцан
281508755,3655958,tg,Вилла Консепсион
281510064,3655975,tg,Сицатна
281516532,3656059,tg,Цамбуранан
281521306,3656121,tg,Сан Дионисио
281521383,3656122,tg,Сан Мартин
281521460,3656123,tg,Вилла Грациа
281524309,3656160,tg,Думабел
281524848,3656167,tg,Рамос
281525002,3656169,tg,Сан-Франсиско
281525695,3656178,tg,Лаоаг
281526080,3656183,tg,Вилла Агуллана
281526696,3656191,tg,Думабато Сур
281527697,3656204,tg,Цалаоаган
281529468,3656227,tg,Санто Доминго
281532163,3656262,tg,Диего Силанг
281533626,3656281,tg,Линаманан
281535089,3656300,tg,Параисо
281537245,3656328,tg,Сан Фернандо
281540248,3656367,tg,Цомпаниа
281543713,3656412,tg,Манано
281543944,3656415,tg,Синамар
281547640,3656463,tg,Турод
281548641,3656476,tg,Агаман
281548718,3656477,tg,Далин
281548872,3656479,tg,Ремус
281548949,3656480,tg,Алба
281549026,3656481,tg,Далла
281549103,3656482,tg,Талланг
281549180,3656483,tg,Цатугаы
281549334,3656485,tg,Барсат Уест
281549411,3656486,tg,Санта Маргарита
281549796,3656491,tg,Сан Мигел
281549873,3656492,tg,Сан-Франсиско
281550104,3656495,tg,Сан Исидро
281550181,3656496,tg,Битаг Пекуено
281551567,3656514,tg,Барив
281551952,3656519,tg,Маинит
281552106,3656521,tg,Паыак
281557265,3656588,tg,Манало
281557342,3656589,tg,Манало
281557419,3656590,tg,Дафунганаы
281557496,3656591,tg,Цабулуан
281558035,3656598,tg,Царатацат
281558112,3656599,tg,Цалинтаан
281558189,3656600,tg,Наббиалан
281558266,3656601,tg,Ла Суерте
281558343,3656602,tg,Цатарауан
281558420,3656603,tg,Нануццауан
281558497,3656604,tg,Нагсабаран
281558882,3656609,tg,Санто Доминго
281559267,3656614,tg,Тубуан
281560653,3656632,tg,Малакинг Амблинг
281560730,3656633,tg,Мунтинг Амблинг
281560961,3656636,tg,Санта Каталина
281563117,3656664,tg,Багонг Липунан
281563964,3656675,tg,Багонг Паг-аса
281564426,3656681,tg,Бухаы
281564657,3656684,tg,Маталатала
281564734,3656685,tg,Цаса Реал
281564811,3656686,tg,Цасинсин
281565042,3656689,tg,Пагкалинауан
281565735,3656698,tg,Сипсипин
281574282,3656809,tg,Салударес
281575360,3656823,tg,Фоз
281576592,3656839,tg,Цасантиагоан
281577131,3656846,tg,Сантьяго
281577439,3656850,tg,Цабаритан
281577516,3656851,tg,Цабацараан
281579980,3656883,tg,Хиласгасан
281580057,3656884,tg,Сан Рафаэл
281580134,3656885,tg,Санта Ана
281580211,3656886,tg,Азуцена
281580519,3656890,tg,Гунтинг
281580596,3656891,tg,Цампангга
281580827,3656894,tg,Тал-от
281580904,3656895,tg,Маыана
281580981,3656896,tg,Кангдампас
281581058,3656897,tg,Бато
281581135,3656898,tg,Бугтонг Кауаыан
281584292,3656939,tg,Тауанган
281584600,3656943,tg,Расан
281586140,3656963,tg,Дуацан
281587064,3656975,tg,Баллаы
281589143,3657002,tg,Датац
281591992,3657039,tg,Карао
281592762,3657049,tg,Екип
281593378,3657057,tg,Басхоы
281593609,3657060,tg,Еддет
281594071,3657066,tg,Палпалан
281596150,3657093,tg,Турод
281598229,3657120,tg,Таыаоа
281598922,3657129,tg,Тагаытаы
281599153,3657132,tg,Куидаоен
281599384,3657135,tg,Сабанган
281599846,3657141,tg,Цабароан
281600308,3657147,tg,Луцбонг
281602310,3657173,tg,Санта Роза
281602464,3657175,tg,Уданган
281603003,3657182,tg,Вилла Мерцедес
281603311,3657186,tg,Нагуираыан
281603465,3657188,tg,Цосили Уест
281604389,3657200,tg,Маламсит
281605005,3657208,tg,Сиблонг
281605159,3657210,tg,Лабон
281605236,3657211,tg,Банглолао
281605544,3657215,tg,Пакилинг
281605775,3657218,tg,Пава
281607700,3657243,tg,Гаданг
281608470,3657253,tg,Боклаоан
281608855,3657258,tg,Пасдонг
281609933,3657272,tg,Батац
281611242,3657289,tg,Бангаван
281613706,3657321,tg,Лабуег
281614245,3657328,tg,Понгаыан
281614322,3657329,tg,Басил
281614784,3657335,tg,Калулсиан
281619789,3657400,tg,Цасалат
281620020,3657403,tg,Пинагтулаыан
281620328,3657407,tg,Багонг Бухаы
281620405,3657408,tg,Бангкал
281621560,3657423,tg,Цамбитала
281622792,3657439,tg,Генерал Рицарте
281623100,3657443,tg,Пулонг Сингкамас
281623485,3657448,tg,Балангкаре Норте
281623639,3657450,tg,Манарог
281623793,3657452,tg,Балангкаре Сур
281623870,3657453,tg,Маг-асауанг Сампалоц
281624486,3657461,tg,Сапанг Бато
281626642,3657489,tg,Хациенда Цадангданг Тхрее
281626719,3657490,tg,Хациенда Диаманте
281627489,3657500,tg,Улилицон
281627951,3657506,tg,Анаба
281628182,3657509,tg,Патаг
281628567,3657514,tg,Ауан-лгид
281631570,3657553,tg,Анао
281632956,3657571,tg,Таротоан
281633341,3657576,tg,Амболанг
281633572,3657579,tg,Набитасан
281634265,3657588,tg,Месалипит
281634727,3657594,tg,Данга
281634958,3657597,tg,Багонг Параисо
281636036,3657611,tg,Цадуанг Тете
281636806,3657621,tg,Саграда
281638115,3657638,tg,Буаыа
281639347,3657654,tg,Талисай
281639886,3657661,tg,Парусанг
281640579,3657670,tg,Магсалонги
281641580,3657683,tg,Лантаван
281641657,3657684,tg,Греенхиллс
281641888,3657687,tg,Поблацион ИИ
281642196,3657691,tg,Путиан
281642273,3657692,tg,Бани Авад
281642350,3657693,tg,Талисай
281642427,3657694,tg,Балидбид
281642735,3657698,tg,Сунгко
281642812,3657699,tg,Луыонг Баыбаы
281643120,3657703,tg,Буэнос-Айрес
281643274,3657705,tg,Цандумаыао
281643582,3657709,tg,Датаг
281644275,3657718,tg,Нахуд
281646739,3657750,tg,Сан-Рок
281647124,3657755,tg,Абуцаы Сур
281647278,3657757,tg,Магсайсай
281647586,3657761,tg,Рокса
281647663,3657762,tg,Куэзон
281647894,3657765,tg,Ыанаыа
281648048,3657767,tg,Соҳили дарё
281648895,3657778,tg,Махаыаг Сур
281649049,3657780,tg,Ризал
281649126,3657781,tg,Бонифацио
281650127,3657794,tg,Тицум
281650281,3657796,tg,Кабадянган
281650512,3657799,tg,Гун-об
281650589,3657800,tg,Цамбансе
281651282,3657809,tg,Магсайсай
281651359,3657810,tg,Уппер Бонбон
281651436,3657811,tg,Санто Нино
281651513,3657812,tg,Консепсия
281651667,3657814,tg,Вилла Анунциадо
281651744,3657815,tg,Катипунан
281651898,3657817,tg,Виллафлор
281652514,3657825,tg,Буганг Сур
281653438,3657837,tg,Нагтагаан
281654362,3657849,tg,Бантаы Инсик
281656518,3657877,tg,Куесбан
281657211,3657886,tg,Ламбаыан
281658674,3657905,tg,Наҷот
281659367,3657914,tg,Цаиныаман
281659752,3657919,tg,Багумбаян
281660907,3657934,tg,Консепсия
281660984,3657935,tg,Адан
281661061,3657936,tg,Дела Паз Сур
281661523,3657942,tg,Сан Булаун
281662986,3657961,tg,Иманлод
281664526,3657981,tg,Булавон
281665219,3657990,tg,Лундаг
281666759,3658010,tg,Габи
281667914,3658025,tg,Сан Исидро
281667991,3658026,tg,Тубод
281668068,3658027,tg,Канава
281668145,3658028,tg,Луан
281668299,3658030,tg,Цадапдапан
281668376,3658031,tg,Цамбане
281668453,3658032,tg,Абихилан
281668684,3658035,tg,Баыонг
281668761,3658036,tg,Цатунгауан Норте
281668838,3658037,tg,Махангин
281670070,3658053,tg,Цамп Сиет
281672072,3658079,tg,Олымпог
281672457,3658084,tg,Багачай
281672534,3658085,tg,Параисо
281674305,3658108,tg,Цагано
281675075,3658118,tg,Кампо
281675460,3658123,tg,Уестерн Поблацион
281675537,3658124,tg,Пагса
281675691,3658126,tg,Даан Сецанте
281675922,3658129,tg,Соутхерн Поблацион
281675999,3658130,tg,Соног
281676076,3658131,tg,Цабонга-ан
281676538,3658137,tg,Босеы
281676846,3658141,tg,Малингин
281678617,3658164,tg,Буенасуерте
281680003,3658182,tg,Напандонг
281680311,3658186,tg,Салхаг
281680388,3658187,tg,Дау
281680773,3658192,tg,Цалаыа-ан
281681774,3658205,tg,Осон
281681928,3658207,tg,Поропандан
281682775,3658218,tg,Цандамоаы
281682929,3658220,tg,Мелвилл
281683237,3658224,tg,Лингит
281684084,3658235,tg,Бицобиан
281685470,3658253,tg,Агуиналдо
281685547,3658254,tg,Алинам
281686163,3658262,tg,Пацуан
281686240,3658263,tg,Дибут
281686317,3658264,tg,Дибаыабаы
281686625,3658268,tg,Сан Висенте
281686702,3658269,tg,Паса
281686779,3658270,tg,Макогон
281686933,3658272,tg,Баланак
281687395,3658278,tg,Сан Пабло
281687780,3658283,tg,Тубо
281688011,3658286,tg,Улаы
281688858,3658297,tg,Булац
281688935,3658298,tg,Саплад Давид
281689089,3658300,tg,Балибаго
281689628,3658307,tg,Далауана
281689859,3658310,tg,Паталан
281690167,3658314,tg,Сегундо
281690321,3658316,tg,Банадеро
281690629,3658320,tg,Хапонан
281691245,3658328,tg,Домолок
281691553,3658332,tg,Даыхагон
281691630,3658333,tg,Панталан
281691861,3658336,tg,Синалмацан
281691938,3658337,tg,Батолинао
281692092,3658339,tg,Палтаседаы
281693093,3658352,tg,Хилусиг
281693632,3658359,tg,Макинсас
281693709,3658360,tg,Сабанг
281695172,3658379,tg,Моалбог
281695249,3658380,tg,Санта Рита
281695326,3658381,tg,Цансабусаб
281695403,3658382,tg,Цагцаган
281695865,3658388,tg,Тиацан
281696481,3658396,tg,Ровинацио
281696558,3658397,tg,Хогпонг
281699638,3658437,tg,Сеноса
281700177,3658444,tg,Дулаг
281702102,3658469,tg,Цатмон
281702949,3658480,tg,Ливуэй
281703180,3658483,tg,Бахаы
281703565,3658488,tg,Царапдапан
281704566,3658501,tg,Да-о
281704797,3658504,tg,Бислиг
281704874,3658505,tg,Сухи
281704951,3658506,tg,Бурабуд
281705182,3658509,tg,Цандауид
281706722,3658529,tg,Нипа
281706799,3658530,tg,Марагано
281707954,3658545,tg,Цаныуманао
281708416,3658551,tg,Лован
281709417,3658564,tg,Панголинган
281709725,3658568,tg,Гаррета
281710957,3658584,tg,Парил
281712959,3658610,tg,Батанг
281713267,3658614,tg,Нангалисан
281713421,3658616,tg,Майя
281713498,3658617,tg,Патима
281714037,3658624,tg,Булаон
281714114,3658625,tg,Лупа
281714268,3658627,tg,Эспитал
281714345,3658628,tg,Пита
281717271,3658666,tg,Ыамот
281717887,3658674,tg,Пинагреалан
281718503,3658682,tg,Пинган
281718811,3658686,tg,Тапуац
281719350,3658693,tg,Инхобол
281719735,3658698,tg,Даллуриу
281719966,3658701,tg,Ибабасат
281720890,3658713,tg,Лива-лива
281721506,3658721,tg,Имбо
281723123,3658742,tg,Налсок
281723431,3658746,tg,Баыоы
281724509,3658760,tg,Ароси-Ис
281725356,3658771,tg,Апорао
281725895,3658778,tg,Тагумбао
281726126,3658781,tg,Намацалан
281726434,3658785,tg,Типон
281727666,3658801,tg,Данглеы
281728205,3658808,tg,Гаыусан
281729283,3658822,tg,Касили
281730207,3658834,tg,Лиянг
281730361,3658836,tg,Сан Антонио
281730900,3658843,tg,Анҷелес
281731670,3658853,tg,Фелмида
281731747,3658854,tg,Арев
281732363,3658862,tg,Либертад
281737599,3658930,tg,Багуиндоц
281737907,3658934,tg,Санто Доминго
281738523,3658942,tg,Ризал
281738985,3658948,tg,Маыанг
281739909,3658960,tg,Тимбунган
281740525,3658968,tg,Палацао
281741911,3658986,tg,Фарола
281742912,3658999,tg,Ипет
281744452,3659019,tg,Гаритан
281744991,3659026,tg,Буланос
281747917,3659064,tg,Сан Исидро
281748533,3659072,tg,Битбит
281748995,3659078,tg,Тадтад
281749765,3659088,tg,Агсанаыан
281750073,3659092,tg,Пагсанахан Сур
281750612,3659099,tg,Лас-уд
281751074,3659105,tg,Марнаы
281751151,3659106,tg,Барикир
281751536,3659111,tg,Сабанган
281751921,3659116,tg,Саприана
281752152,3659119,tg,Аыон
281752229,3659120,tg,Баракбак
281752691,3659126,tg,Гапанг
281753692,3659139,tg,Марело
281754000,3659143,tg,Илог-Було
281754231,3659146,tg,Цамбио
281754385,3659148,tg,Сапанг
281755155,3659158,tg,Макапилапил
281755771,3659166,tg,Тенейеро
281756695,3659178,tg,Ризал
281757388,3659187,tg,Цапуту
281757465,3659188,tg,Минане
281758389,3659200,tg,Лурдес
281762701,3659256,tg,Димасаланг Норте
281762778,3659257,tg,Димасаланг Сур
281762932,3659259,tg,Сампалоц
281764010,3659273,tg,Динараыат
281765088,3659287,tg,Порпорикет
281767783,3659322,tg,Нагауаан
281767860,3659323,tg,Исит
281768938,3659337,tg,Летуг
281770940,3659363,tg,Манцуп
281772326,3659381,tg,Тампац
281772480,3659383,tg,Сан-Хосе
281772557,3659384,tg,Палма
281774636,3659411,tg,Бунаган
281775098,3659417,tg,Цаоцаоаыан
281775252,3659419,tg,Бинбинаца
281775406,3659421,tg,Царе
281775868,3659427,tg,Маранглвоы
281776946,3659441,tg,Бутигуе
281777716,3659451,tg,Цордон
281778794,3659465,tg,Цалаоцан
281778948,3659467,tg,Туцод
281779025,3659468,tg,Дингасан
281780334,3659485,tg,Магсаыссаы
281781335,3659498,tg,Сан Леонардо
281782721,3659516,tg,Булала
281783260,3659523,tg,Нагцуартелан
281784877,3659544,tg,Цабитаоган
281786571,3659566,tg,Ибуна
281786802,3659569,tg,Ламбакин
281786879,3659570,tg,Санта Инес
281787341,3659576,tg,Алагао
281787495,3659578,tg,Абио
281788496,3659591,tg,Уиган
281788573,3659592,tg,Есцотинг
281788881,3659596,tg,Сан Пабло
281788958,3659597,tg,Лангка
281789112,3659599,tg,Сугнаы
281789266,3659601,tg,Анонанг
281789343,3659602,tg,Цакилинган
281791345,3659628,tg,Вилларосе
281791422,3659629,tg,Мацате
281791730,3659633,tg,Погонсино
281792038,3659637,tg,Мангкел Леб
281792885,3659648,tg,Цатарауан
281795657,3659684,tg,Самбат
281795734,3659685,tg,Паликпикан
281795811,3659686,tg,Луыа
281795888,3659687,tg,Танггоы
281795965,3659688,tg,Ал Азла
281796427,3659694,tg,Царлоса
281796504,3659695,tg,Реал
281796658,3659697,tg,Инкарнасия
281796966,3659701,tg,Санта Ана
281797043,3659702,tg,Танаган
281797120,3659703,tg,Багонг Силанг
281797351,3659706,tg,Малапад На Бато
281797505,3659708,tg,Далима
281797736,3659711,tg,Ботоцан
281799584,3659735,tg,Диаат
281800046,3659741,tg,Уенцеслао
281800508,3659747,tg,Сан-Хуан
281800662,3659749,tg,Цадацлан
281803049,3659780,tg,Лангаы Лангаы
281804589,3659800,tg,Каданан
281808593,3659852,tg,Лате Санто Фернандо
281809363,3659862,tg,Пангуед
281810133,3659872,tg,Лацмаан
281810595,3659878,tg,Лиаган
281811673,3659892,tg,Пингсо
281813675,3659918,tg,Тагумпай
281814214,3659925,tg,Уланин-Питак
281814291,3659926,tg,Хилера
281814599,3659930,tg,Цалабаса
281815446,3659941,tg,Капаланган
281816755,3659958,tg,Ацасиа
281817525,3659968,tg,Тренцхера
281817602,3659969,tg,Замора
281819758,3659997,tg,Матара
281819835,3659998,tg,Малабига
281819989,3660000,tg,Наҷот
281821221,3660016,tg,Лауинон
281821606,3660021,tg,Цагусцос
281822607,3660034,tg,Балаорте
281823454,3660045,tg,Марамба
281823531,3660046,tg,Сан Пабло Бата
281823839,3660050,tg,Батцхелор Еаст
281824070,3660053,tg,Табора Малапет
281824224,3660055,tg,Пулонг Сагинг
281824455,3660058,tg,Синалиу Малаки
281824532,3660059,tg,Бухо
281824609,3660060,tg,Луциахан
281824840,3660063,tg,Бицлатан
281825456,3660071,tg,Макина
281825995,3660078,tg,Ипилан
281826534,3660085,tg,Пинагтипунан
281827381,3660096,tg,Сампирухан
281827689,3660100,tg,Патанг Балибагохан
281828305,3660108,tg,Сан Исидро
281828459,3660110,tg,Дагуераы
281830307,3660134,tg,Мандава
281831308,3660147,tg,Пуерто Сан Педро
281831462,3660149,tg,Нуева Естрелла
281831539,3660150,tg,Нуэва Эсперанза
281831616,3660151,tg,Лекса
281831693,3660152,tg,Бусалиан
281831770,3660153,tg,Пиханго
281831847,3660154,tg,Сирис
281831924,3660155,tg,Санто Нино
281832001,3660156,tg,Сан Карлос
281832078,3660157,tg,Замора
281832155,3660158,tg,Сан Агустин
281832386,3660161,tg,Балинтауак
281832848,3660167,tg,Цатооган
281832925,3660168,tg,Мануел М. Роксас
281833387,3660174,tg,Гуинаанг
281833618,3660177,tg,Алем
281833695,3660178,tg,Аток
281833772,3660179,tg,Багутонг
281833926,3660181,tg,Малама
281834850,3660193,tg,Мангал
281836236,3660211,tg,Обуал
281837930,3660233,tg,Цамнан
281838161,3660236,tg,Табук
281838392,3660239,tg,Маривелес
281838469,3660240,tg,Маыацабац
281839085,3660248,tg,Цантигуиб
281839855,3660258,tg,Поблацион Еаст
281839932,3660259,tg,Поло
281840086,3660261,tg,Кабалааснан
281840240,3660263,tg,Момпеллер
281840317,3660264,tg,Гутланг
281840394,3660265,tg,Гуиванон
281840548,3660267,tg,Бутонг
281840625,3660268,tg,Табаыаг
281840933,3660272,tg,Линут-од
281841010,3660273,tg,Вилсон
281841087,3660274,tg,Балисонг
281841164,3660275,tg,Сохотон
281841241,3660276,tg,Тигуиб
281841472,3660279,tg,Патонг
281841549,3660280,tg,Лумбанг
281841703,3660282,tg,Цалериохан
281842011,3660286,tg,Музон
281842088,3660287,tg,Есцрибано
281842165,3660288,tg,Сапанган
281842319,3660290,tg,Матипунсо
281842781,3660296,tg,Пандан
281843089,3660300,tg,Малитам
281843166,3660301,tg,Куминтанг Ибаба
281843243,3660302,tg,Куминтанг Илая
281843320,3660303,tg,Маапас
281843551,3660306,tg,Банилад
281844167,3660314,tg,Ааснан
281844475,3660318,tg,Сан Йуан Де Йесус
281844552,3660319,tg,Сан Аугустин
281846631,3660346,tg,Цатумбо
281847170,3660353,tg,Химболо Есте
281847401,3660356,tg,Магсайсай
281847786,3660361,tg,Милагроса
281848556,3660371,tg,Ганго
281849788,3660387,tg,Маыбухо
281850173,3660392,tg,Луод
281850404,3660395,tg,Ибабанг Багумбунган
281850866,3660401,tg,Аллиг
281851944,3660415,tg,Тапусан
281852021,3660416,tg,Иттифок
281852175,3660418,tg,Цумпра
281852252,3660419,tg,Фаустино
281852483,3660422,tg,Сан Антонио
281852714,3660425,tg,Малигая
281852791,3660426,tg,Бацулод
281852868,3660427,tg,Дианао
281853253,3660432,tg,Алийи
281853407,3660434,tg,Мунтинг Паранг
281853715,3660438,tg,Перпетуал Хелп
281854562,3660449,tg,Пула
281855563,3660462,tg,Хациенда Патпатау
281855717,3660464,tg,Цанипаан
281856795,3660478,tg,Хациенда Мантабацо
281858643,3660502,tg,Ҳасиенда Сан-Хосе
281859644,3660515,tg,Цалауаган
281859721,3660516,tg,Маитум
281860568,3660527,tg,Хациенда Леонор
281860953,3660532,tg,Цагнипа
281861723,3660542,tg,Амампацанг
281863032,3660559,tg,Гуинцалиган
281864110,3660573,tg,Бингаг
281864418,3660577,tg,Мона
281864572,3660579,tg,Сан-Рок
281864649,3660580,tg,Санта Мария
281864726,3660581,tg,Магсайсай
281864957,3660584,tg,Танато
281865342,3660589,tg,Махипон
281865419,3660590,tg,Малимба
281865727,3660594,tg,Минабуыоц
281867344,3660615,tg,Рамазон
281867652,3660619,tg,Дампиган
281867729,3660620,tg,ноҳияи Бонифасио
281867806,3660621,tg,Валле Круз
281867883,3660622,tg,Санта Арцадиа
281868268,3660627,tg,Турбина
281868345,3660628,tg,Маунонг
281869115,3660638,tg,Бато
281869654,3660645,tg,Саг
281869808,3660647,tg,Манггалаыан Бундок
281869885,3660648,tg,Магсайсай
281869962,3660649,tg,Силанганг Цалутан
281870116,3660651,tg,Сан Висенте
281870270,3660653,tg,Акино
281870424,3660655,tg,Сан Исидро
281870501,3660656,tg,Сан Агустин
281870655,3660658,tg,Анастациа
281870809,3660660,tg,Цонцепцион Паласан
281871117,3660664,tg,Тамисиан
281871271,3660666,tg,Сан-Хосе
281871348,3660667,tg,Синтурисан
281872580,3660683,tg,Поблассион
281872657,3660684,tg,Багатаыам
281872734,3660685,tg,Пасаы
281873042,3660689,tg,Пилахан
281873119,3660690,tg,Игбонгбонг
281873504,3660695,tg,Матанданг Сабанг Канлуран
281874197,3660704,tg,Мочон
281874274,3660705,tg,Цассап Фуера
281874736,3660711,tg,Цаингон
281877508,3660747,tg,Марагол
281878047,3660754,tg,Силанганг Малигаыа
281878509,3660760,tg,Сангирин
281878663,3660762,tg,Сан Пабло
281878894,3660765,tg,Пиналагдан
281879048,3660767,tg,Калеро
281879125,3660768,tg,Цалилигауан
281879202,3660769,tg,Перес
281879279,3660770,tg,Сумапанг Бата
281879356,3660771,tg,Сан-Франсиско
281879433,3660772,tg,Сумапанг Матанда
281879510,3660773,tg,Даунган
281879587,3660774,tg,Цутцут
281880049,3660780,tg,Силанган
281880126,3660781,tg,Манггахан
281880665,3660788,tg,Улингао
281881435,3660798,tg,Пиел
281881512,3660799,tg,Субиц
281881820,3660803,tg,Талампас
281881974,3660805,tg,Санта Перегрина
281882205,3660808,tg,Гуго
281882282,3660809,tg,Цалантипе
281883283,3660822,tg,Бунгцаыо
281883976,3660831,tg,Суыо
281886055,3660858,tg,Иттифоқи Нуева
281886748,3660867,tg,Багонг Баыан ИИ-А
281887672,3660879,tg,Санто Нино Сегундо
281887826,3660881,tg,Цитрус
281887980,3660883,tg,Каыпиан
281888596,3660891,tg,Марцос Виллаге
281889135,3660898,tg,Хациенда Сан Винценте
281892523,3660942,tg,Магдум
281893293,3660952,tg,Бора
281893447,3660954,tg,Лурдес
281893678,3660957,tg,Атиоц
281894756,3660971,tg,Поло
281895218,3660977,tg,Маницла
281896835,3660998,tg,Лаллана
281897297,3661004,tg,Маркет Ареа
281897374,3661005,tg,Идалго
281898760,3661023,tg,Лаппа
281899530,3661033,tg,Цонсолацион
281899761,3661036,tg,Пинили
281899838,3661037,tg,Луыон
281899915,3661038,tg,Квирино
281899992,3661039,tg,Квирино
281900223,3661042,tg,Сан Грегорио
281900300,3661043,tg,Турод
281900377,3661044,tg,Схалом
281900531,3661046,tg,Наҷот
281900608,3661047,tg,Дагупан
281900839,3661050,tg,Сан-Франсиско
281900916,3661051,tg,Цалог Сур
281901378,3661057,tg,Бароцбоц
281902225,3661068,tg,Санто Доминго
281904304,3661095,tg,Цапарацадан
281906845,3661128,tg,Лабит Уест
281908077,3661144,tg,Лурдес
281909001,3661156,tg,Манианго
281909078,3661157,tg,Даве
281909309,3661160,tg,Матагуити
281909617,3661164,tg,Пандуцот
281909771,3661166,tg,Падре Крисостомо
281909848,3661167,tg,Набао
281909925,3661168,tg,Ризделис
281910002,3661169,tg,Куезон Дистрицт
281910156,3661171,tg,Мабини Екстенсион
281910310,3661173,tg,Дицарма
281910464,3661175,tg,ноҳияи Бернардо
281910541,3661176,tg,Ноҳияи Баррера
281910618,3661177,tg,Сан-Хосеф Норте
281910695,3661178,tg,Капитан Пепе
281910772,3661179,tg,Зулуета Дистрицт
281911619,3661190,tg,Памалдан
281912389,3661200,tg,Мабурак
281912543,3661202,tg,Баланте
281912620,3661203,tg,Полилио
281913005,3661208,tg,Палагаы
281913544,3661215,tg,Дионисио С. Гарсиа
281913621,3661216,tg,М.С. Гарциа
281913852,3661219,tg,Консуэло
281913929,3661220,tg,Канделария
281914391,3661226,tg,Адуас Сур
281914468,3661227,tg,Сумакаб Норти
281914545,3661228,tg,Сумакаб Эсте
281914622,3661229,tg,Лакандула
281914776,3661231,tg,Айала
281915161,3661236,tg,Пандарас
281915777,3661244,tg,Лигтасан
281916470,3661253,tg,Цапехан
281917009,3661260,tg,Малупа
281918241,3661276,tg,Примициас
281918472,3661279,tg,Антипангол
281921321,3661316,tg,Понгло-Балег
281921783,3661322,tg,Педро Л. Куинес
281921860,3661323,tg,Цалабтанган
281922630,3661333,tg,Консуэло
281923400,3661343,tg,Дона
281923477,3661344,tg,Баыан-баыанан
281924709,3661360,tg,Балити
281925479,3661370,tg,Погон-Аниат
281925864,3661375,tg,Олд Сан Йосе
281926172,3661379,tg,Пулонг Губат
281926480,3661383,tg,Пулонг Духат
281927019,3661390,tg,Багонг Баррио
281927327,3661394,tg,Тиллоӣ
281928020,3661403,tg,Кампо Тинио
281928097,3661404,tg,Бакод Баыан
281928174,3661405,tg,Бунго
281928251,3661406,tg,Паталац
281928559,3661410,tg,Барангай Уно
281929483,3661422,tg,Аллангиган
281929791,3661426,tg,Сацпил
281931254,3661445,tg,Буыон
281931331,3661446,tg,Дисимураы
281931793,3661452,tg,Бугаллон
281932332,3661459,tg,Каталина
281932409,3661460,tg,Ризал
281932486,3661461,tg,Гагабутан
281932563,3661462,tg,Буена Суерте
281932640,3661463,tg,Цасалатан
281932717,3661464,tg,Санта Луциана
281932794,3661465,tg,Цабугао
281933256,3661471,tg,Бубулонг Малаки
281936336,3661511,tg,Фронда
281936875,3661518,tg,Сан Висенте
281937337,3661524,tg,Барлис
281937491,3661526,tg,Круз Рожа
281937568,3661527,tg,Адуас Норте
281937645,3661528,tg,Даанг Сариле
281938569,3661540,tg,Дон Рамон
281938646,3661541,tg,Кампос
281938723,3661542,tg,Кармен
281939262,3661549,tg,Хернандо
281939416,3661551,tg,Вилла Бацолор
281940032,3661559,tg,Цабаруан
281940417,3661564,tg,Санто Томас
281940494,3661565,tg,Центро
281940571,3661566,tg,Сан Агустин
281940648,3661567,tg,Либертад
281940725,3661568,tg,Санта Лина
281940802,3661569,tg,Малеккег
281940879,3661570,tg,Цабаыу
281940956,3661571,tg,Сан Антонио
281941033,3661572,tg,Имелда
281941110,3661573,tg,Панаы
281941264,3661575,tg,Малаыуган
281941803,3661582,tg,Тамалуног
281941880,3661583,tg,Цапанникиан
281941957,3661584,tg,Цапаницкиан Сур
281942034,3661585,tg,Баласи
281942111,3661586,tg,Аннинипан
281942265,3661588,tg,Баллуыан
281942496,3661591,tg,Гангауан
281942573,3661592,tg,Сан Эстебан
281942650,3661593,tg,Центро Норте
281942727,3661594,tg,Центро Сур
281942881,3661596,tg,Цасингсинган Сур
281943805,3661608,tg,Субиц Баы Фреепорт Зоне
281944190,3661613,tg,Сан Фелипе Бата
281944344,3661615,tg,Сан Фелипе Неу
281944498,3661617,tg,Маыапыап Сур
281944575,3661618,tg,Сан Йосе Соутх
281946731,3661646,tg,Саранаы
281948656,3661671,tg,Цебу
281948733,3661672,tg,Бантуг
281949041,3661676,tg,Сан Рафаэл
281949349,3661680,tg,Баннауаг
281951659,3661710,tg,Алунан
281951813,3661712,tg,Моцаг
281954662,3661749,tg,Багонг Сикат
281955201,3661756,tg,Убонг
281956433,3661772,tg,Цабаритан
281958281,3661796,tg,Цонде Итаас
281959359,3661810,tg,Калангаы
281959436,3661811,tg,Алилиу
281960206,3661821,tg,Аглипаы
281960668,3661827,tg,Ибабанг Атингаы
281961284,3661835,tg,Дона Ремедиос Тринидад
281962516,3661851,tg,Сантиаго Сур
281962901,3661856,tg,Сапанг Тагалогӣ
281962978,3661857,tg,Сан Йосе де Уркуицо
281963825,3661868,tg,Багонг Поок
281964056,3661871,tg,Либуцан Готе
281964518,3661877,tg,Лумампонг Балагбаг
281964903,3661882,tg,Хинлаыаган Илаыа
281965134,3661885,tg,Санлаган
281965211,3661886,tg,Гуисгуис-Сан Рокуе
281965827,3661894,tg,Балатонг Б
281966905,3661908,tg,Сангитан Еаст
281968368,3661927,tg,Пулонг Палазан
281969061,3661936,tg,Цутог Пекуено
281969138,3661937,tg,Вилла Луна
281969677,3661944,tg,Побляси Ҷанубӣ
281969754,3661945,tg,Алвиндиа Сегундо
281969908,3661947,tg,Цабаритан Уест
281969985,3661948,tg,Цабулуан Уест
281970139,3661950,tg,Маллиг
281970678,3661957,tg,Цалинаоан Центро
281972449,3661980,tg,Абарионган Унег
281974143,3662002,tg,Барангай Дос
281974220,3662003,tg,Барангаы Трес
281974605,3662008,tg,Тибиг
281974682,3662009,tg,Пуэбло дел Рио
281974759,3662010,tg,Палингон
281974836,3662011,tg,Хоыо
281974990,3662013,tg,Хорналан
281975067,3662014,tg,Бунгго
281975375,3662018,tg,Путинг Лупа
281976145,3662028,tg,Сан Рафаел Виллаге
281979764,3662075,tg,Сан Ницолас Сегундо
281979841,3662076,tg,Фатима Терцера
281981920,3662103,tg,Тамбо Балагбаг
281982305,3662108,tg,Далаыап
281982382,3662109,tg,Цапаницкиан Норте
281983383,3662122,tg,Тамбо Илаыа
281983537,3662124,tg,Харасан
281983691,3662126,tg,Пуло
281983768,3662127,tg,Махабангкахоы Церца
281984307,3662134,tg,Матаас на Бурол
281984384,3662135,tg,Сантол
281984538,3662137,tg,Толедо
281984846,3662141,tg,Матаас На Лупа
281985000,3662143,tg,Малуыо
281985770,3662153,tg,Махабангкахоы Лейос
281985847,3662154,tg,Балубад
281985924,3662155,tg,Тиндало
281986078,3662157,tg,Мабинӣ
281986386,3662161,tg,Цамбарус
281986617,3662164,tg,Барангаы оф Поблацион
281986925,3662168,tg,Апад
281987002,3662169,tg,Йомалиг
281987233,3662172,tg,Хангган
281987310,3662173,tg,Напсан
281987541,3662176,tg,Циты оф Лигао
281987695,3662178,tg,Долорес
281988003,3662182,tg,Тигдаранао
281988234,3662185,tg,Сантандер
281988311,3662186,tg,Паранас
281988773,3662192,tg,Сан Рафаэл
281988850,3662193,tg,Апас
281989004,3662195,tg,Памилацан
281989081,3662196,tg,Сан-Хосе
281989466,3662201,tg,Рӯҳулқудс
281989543,3662202,tg,Буда
281990236,3662211,tg,Оур Лады оф Лоурдес
281990544,3662215,tg,Катипунан
281991160,3662223,tg,Санта Круз
281991237,3662224,tg,Сан-Рок
281991314,3662225,tg,Табла
281991468,3662227,tg,Санто Нино
281991699,3662230,tg,Кагавасан
281991853,3662232,tg,Илаыа
281992007,3662234,tg,Баого
281992777,3662244,tg,Сан Карлос
281992854,3662245,tg,Пангхагбан
281993393,3662252,tg,Баго
281993701,3662256,tg,Оверланд
281993855,3662258,tg,Цабасакан
281994086,3662261,tg,Тайтай
281994163,3662262,tg,Тугас
281994548,3662267,tg,Малунгон
281994702,3662269,tg,Роселлер Лим
281994933,3662272,tg,Цантомойа
281996319,3662290,tg,Далуга
281996935,3662298,tg,Магугпо Шарқӣ
281997012,3662299,tg,Магугпо Шимолӣ
281997089,3662300,tg,Магугпо Ғарб
281997166,3662301,tg,Салвадор Бенедицто
281997551,3662306,tg,Генерал Салипада К. Пендатун
281997628,3662307,tg,Багонг Силанг
281997705,3662308,tg,Аляска
281997782,3662309,tg,Ал-Барка
281997859,3662310,tg,Мандалуыонг
281998937,3662324,tg,Цабариуан
281999938,3662337,tg,Гуиамон
282000015,3662338,tg,Цубаы
282000092,3662339,tg,Тамбу-ан
282000246,3662341,tg,Цатабана
282000323,3662342,tg,Талон
282000400,3662343,tg,Магугба
282000477,3662344,tg,Цатмон
282000554,3662345,tg,Мамба
282001093,3662352,tg,Бига
282001786,3662361,tg,Сан Исидро
282002479,3662370,tg,Игдарапдап
282003557,3662384,tg,Йагуимитан
282003942,3662389,tg,Сан-Хуан
282004404,3662395,tg,Сан-Хосе
282005020,3662403,tg,Матацонг
282005097,3662404,tg,Ризал
282005328,3662407,tg,Нангалинан
282006329,3662420,tg,Сабанг
282006560,3662423,tg,Сан Исидро
282007484,3662435,tg,Тамбалан
282007561,3662436,tg,Тамао
282007638,3662437,tg,Барангобонг
282008100,3662443,tg,Тапинг
282008177,3662444,tg,Будласан
282009948,3662467,tg,Сан-Хосе
282010179,3662470,tg,Сан Педро
282010718,3662477,tg,Цангцларан
282010795,3662478,tg,Либурон
282010872,3662479,tg,Цалиднган
282011026,3662481,tg,Кодиа
282011411,3662486,tg,Цамбуац Норте
282011642,3662489,tg,Росариохан
282011950,3662493,tg,Калварио
282012951,3662506,tg,Санта Круз
282013490,3662513,tg,Сан Рафаэл
282013875,3662518,tg,Санта Круз
282014029,3662520,tg,Бинабаг
282014645,3662528,tg,Магатас
282015954,3662545,tg,Цасилаган
282016955,3662558,tg,Сан Мигел
282017725,3662568,tg,Санто-Кристо
282018187,3662574,tg,Буто
282018649,3662580,tg,Пита
282019419,3662590,tg,Лумбанган
282021267,3662614,tg,Даыапан
282022884,3662635,tg,Мараг
282023346,3662641,tg,Мацалонг
282023577,3662644,tg,Сан Андрес
282024039,3662650,tg,Лауак
282024116,3662651,tg,Паппа
282025040,3662663,tg,Туру
282026041,3662676,tg,Сан Агустин
282026349,3662680,tg,Виктория
282026888,3662687,tg,Баран
282026965,3662688,tg,Аллиг
282028351,3662706,tg,Батас
282028967,3662714,tg,Тампакан
282029044,3662715,tg,Магугпо Соутх
